code,title,description
CC1.1, Control Environment,"COSO Principle 1: The entity demonstrates a commitment to integrity and ethical values. <p></p> <p><strong>The following points of focus highlight important characteristics relating to this criterion: Points of focus specified in the COSO framework:</strong> </p><ul><li>Sets the Tone at the Top -The board of directors and management, at all levels, demonstrate through their directives, actions, and behavior the importance of integrity and ethical values to support the functioning of the system of internal control. </li><li>Establishes Standards of Conduct -The expectations of the board of directors and senior management concerning integrity and ethical values are defined in the entity's standards of conduct and understood at all levels of the entity and by outsourced service providers and business partners.</li><li>Evaluates Adherence to Standards of Conduct -Processes are in place to evaluate the performance of individuals and teams against the entity's expected standards of conduct. </li><li>Addresses Deviations in a Timely Manner -Deviations from the entity's expected standards of conduct are identified and remedied in a timely and consistent manner. </li></ul><p><strong>Additional point of focus specifically related to all engagements using the trust services criteria:</strong> </p><ul><li><em>Considers Contractors and Vendor Employees in Demonstrating Its Commitment -Management and the board of directors consider the use of contractors and vendor employees in its processes for establishing standards of conduct, evaluating adherence to those standards, and addressing deviations in a timely manner.</em></li></ul>"
CC1.2, Control Environment,"COSO Principle 2: The board of directors demonstrates independence from management and exercises oversight of the development and performance of internal control. <p></p> <p><strong>The following points of focus highlight important characteristics relating to this criterion: </strong></p><p><strong>Points of focus specified in the COSO framework: </strong></p><ul><li>Establishes Oversight Responsibilities -The board of directors identifies and accepts its oversight responsibilities in relation to established requirements and expectations.</li><li>Applies Relevant Expertise -The board of directors defines, maintains, and periodically evaluates the skills and expertise needed among its members to enable them to ask probing questions of senior management and take commensurate action. </li><li>Operates Independently -The board of directors has sufficient members who are independent from management and objective in evaluations and decision making. </li></ul><p><strong>Additional point of focus specifically related to all engagements using the trust services criteria:</strong> </p><ul><li><em>Supplements Board Expertise -The board of directors supplements its expertise relevant to security, availability, processing integrity, confidentiality, and privacy, as needed, through the use of a subcommittee or consultants.</em></li></ul>"
CC1.3, Control Environment,"COSO Principle 3: Management establishes, with board oversight, structures, reporting lines, and appropriate authorities and responsibilities in the pursuit of objectives. <p></p> <p><strong>The following points of focus highlight important characteristics relating to this criterion: </strong></p><p><strong>Points of focus specified in the COSO framework:</strong> </p><ul><li>Considers All Structures of the Entity -Management and the board of directors consider the multiple structures used (including operating units, legal entities, geographic distribution, and outsourced service providers) to support the achievement of objectives.</li><li>Establishes Reporting Lines -Management designs and evaluates lines of reporting for each entity structure to enable execution of authorities and responsibilities and ow of information to manage the activities of the entity. </li><li>Defines, Assigns, and Limits Authorities and Responsibilities -Management and the board of directors delegate authority, define responsibilities, and use appropriate processes and technology to assign responsibility and segregate duties as necessary at the various levels of the organization. </li></ul><p><strong>Additional points of focus specifically related to all engagements using the trust services criteria:</strong> </p><ul><li><em>Addresses specific Requirements When defining Authorities and Responsibilities -Management and the board of directors consider requirements relevant to security, availability, processing integrity, confidentiality, and privacy when defining authorities and responsibilities. </em></li><li><em>Considers Interactions With External Parties When Establishing Structures, Reporting Lines, Authorities, and Responsibilities -Management and the board of directors consider the need for the entity to interact with and monitor the activities of external parties when establishing structures, reporting lines, authorities, and responsibilities.</em></li></ul>"
CC1.4, Control Environment,"COSO Principle 4: The entity demonstrates a commitment to attract, develop, and retain competent individuals in alignment with objectives. <p></p> <p><strong>The following points of focus highlight important characteristics relating to this criterion: </strong></p><p><strong>Points of focus specified in the COSO framework:</strong> </p><ul><li>Establishes Policies and Practices -Policies and practices reflect expectations of competence necessary to support the achievement of objectives. </li><li>Evaluates Competence and Addresses Shortcomings -The board of directors and management evaluate competence across the entity and in outsourced service providers in relation to established policies and practices and act as necessary to address shortcomings. </li><li>Attracts, Develops, and Retains Individuals -The entity provides the mentoring and training needed to attract, develop, and retain sufficient and competent personnel and outsourced service providers to support the achievement of objectives. </li><li>Plans and Prepares for Succession -Senior management and the board of directors develop contingency plans for assignments of responsibility important for internal control. </li></ul><p><strong>Additional point of focus specifically related to all engagements using the trust services criteria:</strong> </p><ul><li><em>Considers the Background of Individuals -The entity considers the background of potential and existing personnel, contractors, and vendor employees when determining whether to employ and retain the individuals. </em></li><li><em>Considers the Technical Competency of Individuals -The entity considers the technical competency of potential and existing personnel, contractors, and vendor employees when determining whether to employ and retain the individuals. </em></li><li><em>Provides Training to Maintain Technical Competencies - The entity provides training programs, including continuing education and training, to ensure skill sets and technical competency of existing personnel, contractors, and vendor employees are developed and maintained.</em></li></ul>"
CC1.5, Control Environment,"COSO Principle 5: The entity holds individuals accountable for their internal control responsibilities in the pursuit of objectives. <p></p> <p><strong>The following points of focus, specified in the COSO framework, highlight important characteristics relating to this criterion:</strong></p><ul><li>Enforces Accountability Through Structures, Authorities, and Responsibilities -Management and the board of directors establish the mechanisms to communicate and hold individuals accountable for performance of internal control responsibilities across the entity and implement corrective action as necessary.</li><li>Establishes Performance Measures, Incentives, and Rewards -Management and the board of directors establish performance measures, incentives, and other rewards appropriate for responsibilities at all levels of the entity, reflecting appropriate dimensions of performance and expected standards of conduct, and considering the achievement of both short-term and longer-term objectives.</li><li>Evaluates Performance Measures, Incentives, and Rewards for Ongoing Relevance -Management and the board of directors align incentives and rewards with the fulfillment of internal control responsibilities in the achievement of objectives.</li><li>Considers Excessive Pressures -Management and the board of directors evaluate and adjust pressures associated with the achievement of objectives as they assign responsibilities, develop performance measures, and evaluate performance.</li><li>Evaluates Performance and Rewards or Disciplines Individuals -Management and the board of directors evaluate performance of internal control responsibilities, including adherence to standards of conduct and expected levels of competence, and provide rewards or exercise disciplinary action, as appropriate.</li></ul>"
CC2.1,Communications And Information,"COSO Principle 13: The entity obtains or generates and uses relevant, quality information to support the functioning of internal control. <p></p> <p><strong>The following points of focus, specified in the COSO framework, highlight important characteristics relating to this criterion:</strong> </p><ul><li>Identifies Information Requirements -A process is in place to identify the information required and expected to support the functioning of the other components of internal control and the achievement of the entity's objectives.</li><li>Captures Internal and External Sources of Data -Information systems capture internal and external sources of data.</li><li>Processes Relevant Data Into Information -Information systems process and transform relevant data into information.</li><li>Maintains Quality Throughout Processing -Information systems produce information that is timely, current, accurate, complete, accessible, protected, verifiable, and retained. Information is reviewed to assess its relevance in supporting the internal control components.</li></ul>"
CC2.2,Communications And Information,"COSO Principle 14: The entity internally communicates information, including objectives and responsibilities for internal control, necessary to support the functioning of internal control. <p></p> <p><strong>The following points of focus highlight important characteristics relating to this criterion: </strong></p><p><strong>Points of focus specified in the COSO framework:</strong> </p><ul><li>Communicates Internal Control Information -A process is in place to communicate required information to enable all personnel to understand and carry out their internal control responsibilities. </li><li>Communicates With the Board of Directors -Communication exists between management and the board of directors so that both have information needed to fulfill their roles with respect to the entity's objectives.</li><li>Provides Separate Communication Lines -Separate communication channels, such as whistle-blower hotlines, are in place and serve as fail-safe mechanisms to enable anonymous or confidential communication when normal channels are inoperative or ineffective. </li><li>Selects Relevant Method of Communication -The method of communication considers the timing, audience, and nature of the information. </li></ul><p><strong>Additional points of focus specifically related to all engagements using the trust services criteria:</strong> </p><ul><li><em>Communicates Responsibilities -Entity personnel with responsibility for designing, developing, implementing, operating, maintaining, or monitoring system controls receive communications about their responsibilities, including changes in their responsibilities, and have the information necessary to carry out those responsibilities. </em></li><li><em>Communicates Information on Reporting Failures, Incidents, Concerns, and Other Matters -Entity personnel are provided with information on how to report systems failures, incidents, concerns, and other complaints to personnel. </em></li><li><em>Communicates Objectives and Changes to Objectives -The entity communicates its objectives and changes to those objectives to personnel in a timely manner. </em></li><li><em>Communicates Information to Improve Security Knowledge and Awareness -The entity communicates information to improve security knowledge and awareness and to model appropriate security behaviors to personnel through a security awareness training program. </em></li></ul><p><strong>Additional points of focus that apply only when an engagement using the trust services criteria is performed at the system level:</strong> </p><ul><li><em>Communicates Information About System Operation and Boundaries -The entity prepares and communicates information about the design and operation of the system and its boundaries to authorized personnel to enable them to understand their role in the system and the results of system operation. </em></li><li><em>Communicates System Objectives -The entity communicates its objectives to personnel to enable them to carry out their responsibilities. </em></li><li><em>Communicates System Changes -System changes that affect responsibilities or the achievement of the entity - â„¢s objectives are communicated in a timely manner.</em></li></ul>"
CC2.3,Communications And Information,"COSO Principle 15: The entity communicates with external parties regarding matters affecting the functioning of internal control. <p></p> <p><strong>The following points of focus highlight important characteristics relating to this criterion: </strong></p><p><strong>Points of focus specified in the COSO framework: </strong></p><ul><li>Communicates to External Parties -Processes are in place to communicate relevant and timely information to external parties, including shareholders, partners, owners, regulators, customers, financial analysts, and other external parties. </li><li>Enables Inbound Communications -Open communication channels allow input from customers, consumers, suppliers, external auditors, regulators, financial analysts, and others, providing management and the board of directors with relevant information.</li><li>Communicates With the Board of Directors -Relevant information resulting from assessments conducted by external parties is communicated to the board of directors. </li><li>Provides Separate Communication Lines -Separate communication channels, such as whistle-blower hotlines, are in place and serve as fail-safe mechanisms to enable anonymous or confidential communication when normal channels are inoperative or ineffective.</li><li>Selects Relevant Method of Communication -The method of communication considers the timing, audience, and nature of the communication and legal, regulatory, and fiduciary requirements and expectations. </li></ul><p><strong>Additional point of focus that applies only to an engagement using the trust services criteria for confidentiality:</strong> </p><ul><li><em>Communicates Objectives Related to confidentiality and Changes to Objectives - The entity communicates, to external users, vendors, business partners and others whose products and services are part of the system, objectives and changes to objectives related to confidentiality. </em></li></ul><p><strong>Additional point of focus that applies only to an engagement using the trust services criteria for privacy:</strong> </p><ul><li><em>Communicates Objectives Related to Privacy and Changes to Objectives -The entity communicates, to external users, vendors, business partners and others whose products and services are part of the system, objectives related to privacy and changes to those objectives. </em></li></ul><p><strong>Additional points of focus that apply only when an engagement using the trust services criteria is performed at the system level:</strong> </p><ul><li><em>Communicates Information About System Operation and Boundaries -The entity prepares and communicates information about the design and operation of the system and its boundaries to authorized external users to permit users to understand their role in the system and the results of system operation. </em></li><li><em>Communicates System Objectives -The entity communicates its system objectives to appropriate external users. </em></li><li><em>Communicates System Responsibilities -External users with responsibility for designing, developing, implementing, operating, maintaining, and monitoring system controls receive communications about their responsibilities and have the information necessary to carry out those responsibilities.</em></li><li><em>Communicates Information on Reporting System Failures, Incidents, Concerns, and Other Matters -External users are provided with information on how to report systems failures, incidents, concerns, and other complaints to appropriate personnel.</em></li></ul>"
CC3.1, Risk Assessment,"COSO Principle 6: The entity specifies objectives with suf cient clarity to enable the identi cation and assessment of risks relating to objectives. <p></p> <p><strong>The following points of focus highlight important characteristics relating to this criterion: </strong></p><p><strong>Points of focus specified in the COSO framework: </strong></p><p><strong>Operations Objectives</strong></p><ul><li>Reflects Management's Choices -Operations objectives re ect management's choices about structure, industry considerations, and performance of the entity.</li><li>Considers Tolerances for Risk -Management considers the acceptable levels of variation relative to the achievement of operations objectives.</li><li>Includes Operations and Financial Performance Goals -The organization reflects the desired level of operations and financial performance for the entity within operations objectives.</li><li>Forms a Basis for Committing of Resources -Management uses operations objectives as a basis for allocating resources needed to attain desired operations and financial performance.</li></ul><p><strong>External Financial Reporting Objectives</strong></p><ul><li>Complies With Applicable Accounting Standards -Financial reporting objectives are consistent with accounting principles suitable and available for that entity. The accounting principles selected are appropriate in the circumstances.</li><li>Considers Materiality -Management considers materiality in financial statement presentation.</li><li>Reflects Entity Activities -External reporting reflects the underlying transactions and events to show qualitative characteristics and assertions.</li></ul><p><strong>External Nonfinancial Reporting Objectives</strong></p><ul><li>Complies With Externally Established Frameworks - Management establishes objectives consistent with laws and regulations or standards and frameworks of recognized external organizations.</li><li>Considers the Required Level of Precision -Management reflects the required level of precision and accuracy suitable for user needs and based on criteria established by third parties in nonfinancial reporting.</li><li>Reflects Entity Activities -External reporting reflects the underlying transactions and events within a range of acceptable limits. Internal Reporting Objectives</li><li>Reflects Management's Choices -Internal reporting provides management with accurate and complete information regarding management's choices and information needed in managing the entity.</li><li>Considers the Required Level of Precision -Management reflects the required level of precision and accuracy suitable for user needs in nonfinancial reporting objectives and materiality within financial reporting objectives.</li><li>Reflects Entity Activities -Internal reporting reflects the underlying transactions and events within a range of acceptable limits. Compliance Objectives</li><li>Reflects External Laws and Regulations -Laws and regulations establish minimum standards of conduct, which the entity integrates into compliance objectives.</li><li>Considers Tolerances for Risk -Management considers the acceptable levels of variation relative to the achievement of operations objectives.</li></ul><p><strong>Additional point of focus specifically related to all engagements using the trust services criteria:</strong></p><ul><li><em>Establishes Sub-objectives to Support Objectives -Management identifies sub-objectives related to security, availability, processing integrity, confidentiality, and privacy to support the achievement of the entity's objectives related to reporting, operations, and compliance.</em></li></ul>"
CC3.2, Risk Assessment,"COSO Principle 7: The entity identifies risks to the achievement of its objectives across the entity and analyzes risks as a basis for determining how the risks should be managed. <p></p> <p><strong>The following points of focus highlight important characteristics relating to this criterion: </strong></p><p><strong>Points of focus specified in the COSO framework:</strong></p><ul><li>Includes Entity, Subsidiary, Division, Operating Unit, and Functional Levels -The entity identifies and assesses risk at the entity, subsidiary, division, operating unit, and functional levels relevant to the achievement of objectives.</li><li>Analyzes Internal and External Factors -Risk identification considers both internal and external factors and their impact on the achievement of objectives. - Â¢ Involves Appropriate Levels of Management -The entity puts into place effective risk assessment mechanisms that involve appropriate levels of management</li><li>Estimates Significance of Risks identified -identified risks are analyzed through a process that includes estimating the potential significance of the risk. </li><li>Determines How to Respond to Risks -Risk assessment includes considering how the risk should be managed and whether to accept, avoid, reduce, or share the risk. </li></ul><p><strong>Additional points of focus specifically related to all engagements using the trust services criteria:</strong> </p><ul><li><em>Identifies and Assesses Criticality of Information Assets and identifies Threats and Vulnerabilities -The entity's risk identification and assessment process includes (1) identifying information assets, including physical devices and systems, virtual devices, software, data and data flows, external information systems, and organizational roles; (2) assessing the criticality of those information assets; (3) identifying the threats to the assets from intentional (including malicious) and unintentional acts and environmental events; and (4) identifying the vulnerabilities of the identified assets.</em></li><li><em>Analyzes Threats and Vulnerabilities From Vendors, Business Partners, and Other Parties -The entity's risk assessment process includes the analysis of potential threats and vulnerabilities arising from vendors providing goods and services, as well as threats and vulnerabilities arising from business partners, customers, and others with access to the entity's information systems. </em></li><li><em>Considers the Significance of the Risk -The entity's consideration of the potential significance of the identified risks includes (1) determining the criticality of identified assets in meeting objectives; (2) assessing the impact of identified threats and vulnerabilities in meeting objectives; (3) assessing the likelihood of identified threats; and (4) determining the risk associated with assets based on asset criticality, threat impact, and likelihood.</em></li></ul>"
CC3.3, Risk Assessment,"COSO Principle 8: The entity considers the potential for fraud in assessing risks to the achievement of objectives. <p></p> <p><strong>The following points of focus highlight important characteristics relating to this criterion: </strong></p><p><strong>Points of focus specified in the COSO framework:</strong> </p><ul><li>Considers Various Types of Fraud -The assessment of fraud considers fraudulent reporting, possible loss of assets, and corruption resulting from the various ways that fraud and misconduct can occur. </li><li>Assesses Incentives and Pressures -The assessment of fraud risks considers incentives and pressures. </li><li>Assesses Opportunities -The assessment of fraud risk considers opportunities for unauthorized acquisition, use, or disposal of assets, altering the entity's reporting records, or committing other inappropriate acts. </li><li>Assesses Attitudes and Rationalizations -The assessment of fraud risk considers how management and other personnel might engage in or justify inappropriate actions. </li></ul><p><strong>Additional point of focus specifically related to all engagements using the trust services criteria</strong></p><ul><li><em>Considers the Risks Related to the Use of IT and Access to Information -The assessment of fraud risks includes consideration of threats and vulnerabilities that arise specifically from the use of IT and access to information.</em></li></ul>"
CC3.4, Risk Assessment,"COSO Principle 9: The entity identifies and assesses changes that could signi cantly impact the system of internal control. <p></p> <p><strong>The following points of focus highlight important characteristics relating to this criterion: </strong></p><p><strong>Points of focus specified in the COSO framework:</strong></p><ul><li>Assesses Changes in the External Environment -The risk identification process considers changes to the regulatory, economic, and physical environment in which the entity operates. </li><li>Assesses Changes in the Business Model -The entity considers the potential impacts of new business lines, dramatically altered compositions of existing business lines, acquired or divested business operations on the system of internal control, rapid growth, changing reliance on foreign geographies, and new technologies.</li><li>Assesses Changes in Leadership -The entity considers changes in management and respective attitudes and philosophies on the system of internal control. </li></ul><p><strong>Additional point of focus specifically related to all engagements using the trust services criteria:</strong> </p><ul><li><em>Assess Changes in Systems and Technology -The risk identification process considers changes arising from changes in the entity's systems and changes in the technology environment.</em></li><li><em>Assess Changes in Vendor and Business Partner Relationships -The risk identification process considers changes in vendor and business partner relationships.</em></li></ul>"
CC4.1, Monitoring Activities,"COSO Principle 16: The entity selects, develops, and performs ongoing and/or separate evaluations to ascertain whether the components of internal control are present and functioning. <p></p> <p><strong>The following points of focus highlight important characteristics relating to this criterion: </strong></p><p><strong>Points of focus specified in the COSO framework: </strong></p><ul><li>Considers a Mix of Ongoing and Separate Evaluations -Management includes a balance of ongoing and separate evaluations.</li><li>Considers Rate of Change -Management considers the rate of change in business and business processes when selecting and developing ongoing and separate evaluations. </li><li>Establishes Baseline Understanding -The design and current state of an internal control system are used to establish a baseline for ongoing and separate evaluations. </li><li>Uses Knowledgeable Personnel -Evaluators performing ongoing and separate evaluations have sufficient knowledge to understand what is being evaluated. </li><li>Integrates With Business Processes -Ongoing evaluations are built into the business processes and adjust to changing conditions. </li><li>Adjusts Scope and Frequency -Management varies the scope and frequency of separate evaluations depending on risk.</li><li>Objectively Evaluates -Separate evaluations are performed periodically to provide objective feedback. </li></ul><p><strong>Additional point of focus specifically related to all engagements using the trust services criteria:</strong> </p><ul><li><em>Considers Different Types of Ongoing and Separate Evaluations -Management uses a variety of different types of ongoing and separate evaluations, including penetration testing, independent certification made against established specifications (for example, ISO certifications), and internal audit assessments.</em></li></ul>"
CC4.2, Monitoring Activities,"COSO Principle 17: The entity evaluates and communicates internal control de ciencies in a timely manner to those parties responsible for taking corrective action, including senior management and the board of directors, as appropriate. <p></p> <p><strong>The following points of focus, specified in the COSO framework, highlight important characteristics relating to this criterion:</strong> </p><ul><li>Assesses Results -Management and the board of directors, as appropriate, assess results of ongoing and separate evaluations.</li><li>Communicates Deficiencies -Deficiencies are communicated to parties responsible for taking corrective action and to senior management and the board of directors, as appropriate.</li><li>Monitors Corrective Action -Management tracks whether deficiencies are remedied on a timely basis.</li></ul>"
CC5.1, Control Activities,"COSO Principle 10: The entity selects and develops control activities that contribute to the mitigation of risks to the achievement of objectives to acceptable levels. <p></p> <p><strong>The following points of focus, specified in the COSO framework, highlight important characteristics relating to this criterion:</strong></p><ul><li>Integrates With Risk Assessment -Control activities help ensure that risk responses that address and mitigate risks are carried out.</li><li>Considers Entity-specific Factors -Management considers how the environment, complexity, nature, and scope of its operations, as well as the specific characteristics of its organization, affect the selection and development of control activities.</li><li>Determines Relevant Business Processes -Management determines which relevant business processes require control activities.</li><li>Evaluates a Mix of Control Activity Types -Control activities include a range and variety of controls and may include a balance of approaches to mitigate risks, considering both manual and automated controls, and preventive and detective controls.</li><li>Considers at What Level Activities Are Applied -Management considers control activities at various levels in the entity.</li><li>Addresses Segregation of Duties -Management segregates incompatible duties, and where such segregation is not practical, management selects and develops alternative control activities.</li></ul>"
CC5.2, Control Activities,"COSO Principle 11: The entity also selects and develops general control activities over technology to support the achievement of objectives. <p></p> <p><strong>The following points of focus, specified in the COSO framework, highlight important characteristics relating to this criterion:</strong> </p><ul><li>Determines Dependency Between the Use of Technology in Business Processes and Technology General Controls -Management understands and determines the dependency and linkage between business processes, automated control activities, and technology general controls.</li><li>Establishes Relevant Technology Infrastructure Control Activities -Management selects and develops control activities over the technology infrastructure, which are designed and implemented to help ensure the completeness, accuracy, and availability of technology processing. </li><li>Establishes Relevant Security Management Process Controls Activities -Management selects and develops control activities that are designed and implemented to restrict technology access rights to authorized users commensurate with their job responsibilities and to protect the entity's assets from external threats.</li><li>Establishes Relevant Technology Acquisition, Development, and Maintenance Process Control Activities -Management selects and develops control activities over the acquisition, development, and maintenance of technology and its infrastructure to achieve management's objectives.</li></ul>"
CC5.3, Control Activities,"COSO Principle 12: The entity deploys control activities through policies that establish what is expected and in procedures that put policies into action. <p></p> <p><strong>The following points of focus, specified in the COSO framework, highlight important characteristics relating to this criterion: </strong></p><ul><li>Establishes Policies and Procedures to Support Deployment of Management's Directives -Management establishes control activities that are built into business processes and employees' day-to-day activities through policies establishing what is expected and relevant procedures specifying actions.</li><li>Establishes Responsibility and Accountability for Executing Policies and Procedures -Management establishes responsibility and accountability for control activities with management (or other designated personnel) of the business unit or function in which the relevant risks reside.</li><li>Performs in a Timely Manner -Responsible personnel perform control activities in a timely manner as defined by the policies and procedures. </li><li>Takes Corrective Action -Responsible personnel investigate and act on matters identified as a result of executing control activities.</li><li>Performs Using Competent Personnel -Competent personnel with sufficient authority perform control activities with diligence and continuing focus.</li><li>Reassesses Policies and Procedures -Management periodically reviews control activities to determine their continued relevance and refreshes them when necessary.</li></ul>"
CC6.1, Logical And Physical Access Controls,"The entity implements logical access security software, infrastructure, and architectures over protected information assets to protect them from security events to meet the entity's objectives. <p></p> <p><strong>The following points of focus, specifically related to all engagements using the trust services criteria, highlight important characteristics relating to this criterion:</strong> </p><ul><li>Identifies and Manages the Inventory of Information Assets -The entity identifies, inventories, classifies, and manages information assets.</li><li>Restricts Logical Access -Logical access to information assets, including hardware, data (at-rest, during processing, or in transmission), software, administrative authorities, mobile devices, output, and offline system components is restricted through the use of access control software and rule sets.</li><li>Identifies and Authenticates Users -Persons, infrastructure and software are identified and authenticated prior to accessing information assets, whether locally or remotely.</li><li>Considers Network Segmentation -Network segmentation permits unrelated portions of the entity's information system to be isolated from each other.</li><li>Manages Points of Access -Points of access by outside entities and the types of data that ow through the points of access are identified, inventoried, and managed. The types of individuals and systems using each point of access are identified, documented, and managed. </li><li>Restricts Access to Information Assets -Combinations of data classification, separate data structures, port restrictions, access protocol restrictions, user identification, and digital certificates are used to establish access control rules for information assets.</li><li>Manages Identification and Authentication -Identification and authentication requirements are established, documented, and managed for individuals and systems accessing entity information, infrastructure and software.</li><li>Manages Credentials for Infrastructure and Software -New internal and external infrastructure and software are registered, authorized, and documented prior to being granted access credentials and implemented on the network or access point. Credentials are removed and access is disabled when access is no longer required or the infrastructure and software are no longer in use.</li><li>Uses Encryption to Protect Data -The entity uses encryption to supplement other measures used to protect data-at-rest, when such protections are deemed appropriate based on assessed risk. </li><li>Protects Encryption Keys -Processes are in place to protect encryption keys during generation, storage, use, and destruction.</li></ul>"
CC6.2, Logical And Physical Access Controls,"Prior to issuing system credentials and granting system access, the entity registers and authorizes new internal and external users whose access is administered by the entity. For those users whose access is administered by the entity, user system credentials are removed when user access is no longer authorized. <p></p> <p><strong>The following points of focus, specifically related to all engagements using the trust services criteria, highlight important characteristics relating to this criterion:</strong> </p><ul><li>Controls Access Credentials to Protected Assets -Information asset access credentials are created based on an authorization from the system's asset owner or authorized custodian.</li><li>Removes Access to Protected Assets When Appropriate -Processes are in place to remove credential access when an individual no longer requires such access.</li><li>Reviews Appropriateness of Access Credentials -The appropriateness of access credentials is reviewed on a periodic basis for unnecessary and inappropriate individuals with credentials.</li></ul>"
CC6.3, Logical And Physical Access Controls,"The entity authorizes, modi es, or removes access to data, software, functions, and other protected information assets based on roles, responsibilities, or the system design and changes, giving consideration to the concepts of least privilege and segregation of duties, to meet the entity's objectives. <p></p> <p><strong>The following points of focus, specifically related to all engagements using the trust services criteria, highlight important characteristics relating to this criterion: </strong></p><ul><li>Creates or Modifies Access to Protected Information Assets - Processes are in place to create or modify access to protected information assets based on authorization from the asset's owner. </li><li>Removes Access to Protected Information Assets -Processes are in place to remove access to protected information assets when an individual no longer requires access.</li><li>Uses Role-Based Access Controls -Role-based access control is utilized to support segregation of incompatible functions.</li></ul>"
CC6.4, Logical And Physical Access Controls,"The entity restricts physical access to facilities and protected information assets (for example, data center facilities, back-up media storage, and other sensitive locations) to authorized personnel to meet the entity's objectives. <p></p> <p><strong>The following points of focus, specifically related to all engagements using the trust services criteria, highlight important characteristics relating to this criterion:</strong> </p><ul><li>Creates or Modifies Physical Access -Processes are in place to create or modify physical access to facilities such as data centers, office spaces, and work areas, based on authorization from the system's asset owner.</li><li>Removes Physical Access -Processes are in place to remove access to physical resources when an individual no longer requires access.</li><li>Reviews Physical Access -Processes are in place to periodically review physical access to ensure consistency with job responsibilities.</li></ul>"
CC6.5, Logical And Physical Access Controls,"The entity discontinues logical and physical protections over physical assets only after the ability to read or recover data and software from those assets has been diminished and is no longer required to meet the entity's objectives. <p></p> <p><strong>The following points of focus, specifically related to all engagements using the trust services criteria, highlight important characteristics relating to this criterion:</strong> </p><ul><li>Identifies Data and Software for Disposal -Procedures are in place to identify data and software stored on equipment to be disposed and to render such data and software unreadable.</li><li>Removes Data and Software From Entity Control -Procedures are in place to remove data and software stored on equipment to be removed from the physical control of the entity and to render such data and software unreadable.</li></ul>"
CC6.6, Logical And Physical Access Controls,"The entity implements logical access security measures to protect against threats from sources outside its system boundaries. <p></p> <p><strong>The following points of focus, specifically related to all engagements using the trust services criteria, highlight important characteristics relating to this criterion: </strong></p><ul><li>Restricts Access -The types of activities that can occur through a communication channel (for example, FTP site, router port) are restricted.</li><li>Protects Identification and Authentication Credentials -Identification and authentication credentials are protected during transmission outside its system boundaries.</li><li>Requires Additional Authentication or Credentials -Additional authentication information or credentials are required when accessing the system from outside its boundaries.</li><li>Implements Boundary Protection Systems -Boundary protection systems (for example, firewalls, demilitarized zones, and intrusion detection systems) are implemented to protect external access points from attempts and unauthorized access and are monitored to detect such attempts.</li></ul>"
CC6.7, Logical And Physical Access Controls,"The entity restricts the transmission, movement, and removal of information to authorized internal and external users and processes, and protects it during transmission, movement, or removal to meet the entity's objectives. <p></p> <p><strong>The following points of focus, specifically related to all engagements using the trust services criteria, highlight important characteristics relating to this criterion: </strong></p><ul><li>Restricts the Ability to Perform Transmission -Data loss prevention processes and technologies are used to restrict ability to authorize and execute transmission, movement and removal of information. </li><li>Uses Encryption Technologies or Secure Communication Channels to Protect Data -Encryption technologies or secured communication channels are used to protect transmission of data and other communications beyond connectivity access points. </li><li>Protects Removal Media -Encryption technologies and physical asset protections are used for removable media (such as USB drives and back-up tapes), as appropriate.</li><li>Protects Mobile Devices -Processes are in place to protect mobile devices (such as laptops, smart phones and tablets) that serve as information assets.</li></ul>"
CC6.8, Logical And Physical Access Controls,"The entity implements controls to prevent or detect and act upon the introduction of unauthorized or malicious software to meet the entity's objectives. <p></p> <p><strong>The following points of focus, specifically related to all engagements using the trust services criteria, highlight important characteristics relating to this criterion:</strong> </p><ul><li>Restricts Application and Software Installation -The ability to install applications and software is restricted to authorized individuals. </li><li>Detects Unauthorized Changes to Software and - Â¢ Configuration Parameters -Processes are in place to detect changes to software and configuration parameters that may be indicative of unauthorized or malicious software.</li><li>Uses a defined Change Control Process -A management-defined change control process is used for the implementation of software. </li><li>Uses Antivirus and Anti-Malware Software -Antivirus and anti-malware software is implemented and maintained to provide for the interception or detection and remediation of malware.</li><li>Scans Information Assets from Outside the Entity for Malware and Other Unauthorized Software -Procedures are in place to scan information assets that have been transferred or returned to the entity's custody for malware and other unauthorized software and to remove any items detected prior to its implementation on the network.</li></ul>"
CC7.1, System Operations,"To meet its objectives, the entity uses detection and monitoring procedures to identify (1) changes to con gurations that result in the introduction of new vulnerabilities, and (2) susceptibilities to newly discovered vulnerabilities. <p></p> <p><strong>The following points of focus, specifically related to all engagements using the trust services criteria, highlight important characteristics relating to this criterion: </strong></p><ul><li>Uses defined Configuration Standards -Management has defined configuration standards. </li><li>Monitors Infrastructure and Software -The entity monitors infrastructure and software for noncompliance with the standards, which could threaten the achievement of the entity's objectives. </li><li>Implements Change-Detection Mechanisms -The IT system includes a change-detection mechanism (for example, file integrity monitoring tools) to alert personnel to unauthorized modi cations of critical system files, configuration files, or content files.</li><li>Detects Unknown or Unauthorized Components -Procedures are in place to detect the introduction of unknown or unauthorized components. </li><li>Conducts Vulnerability Scans -The entity conducts vulnerability scans designed to identify potential vulnerabilities or misconfigurations on a periodic basis and after any significant change in the environment and takes action to remediate identified deficiencies on a timely basis.</li></ul>"
CC7.2, System Operations,"The entity monitors system components and the operation of those components for anomalies that are indicative of malicious acts, natural disasters, and errors affecting the entity's ability to meet its objectives; anomalies are analyzed to determine whether they represent security events. <p></p> <p><strong>The following points of focus, specifically related to all engagements using the trust services criteria, highlight important characteristics relating to this criterion:</strong> </p><ul><li>Implements Detection Policies, Procedures, and Tools -Detection policies and procedures are defined and implemented, and detection tools are implemented on Infrastructure and software to identify anomalies in the operation or unusual activity on systems. Procedures may include (1) a defined governance process for security event detection and management that includes provision of resources; (2) use of intelligence sources to identify newly discovered threats and vulnerabilities; and (3) logging of unusual system activities.</li><li>Designs Detection Measures -Detection measures are designed to identify anomalies that could result from actual or attempted (1) compromise of physical barriers; (2) unauthorized actions of authorized personnel; (3) use of compromised identification and authentication credentials; (4) unauthorized access from outside the system boundaries; (5) compromise of authorized external parties; and (6) implementation or connection of unauthorized hardware and software.</li><li>Implements Filters to Analyze Anomalies -Management has implemented procedures to filter, summarize, and analyze anomalies to identify security events. </li><li>Monitors Detection Tools for Effective Operation -Management has implemented processes to monitor the effectiveness of detection tools.</li></ul>"
CC7.3, System Operations,"The entity evaluates security events to determine whether they could or have resulted in a failure of the entity to meet its objectives (security incidents) and, if so, takes actions to prevent or address such failures. <p></p> <p><strong>The following points of focus, specifically related to all engagements using the trust services criteria, highlight important characteristics relating to this criterion:</strong> </p><ul><li>Responds to Security Incidents -Procedures are in place for responding to security incidents and evaluating the effectiveness of those policies and procedures on a periodic basis.</li><li>Communicates and Reviews Detected Security Events -Detected security events are communicated to and reviewed by the individuals responsible for the management of the security program and actions are taken, if necessary.</li><li>Develops and Implements Procedures to Analyze Security Incidents -Procedures are in place to analyze security incidents and determine system impact. </li></ul><p><strong>Additional points of focus that apply only in an engagement using the trust services criteria for privacy:</strong> </p><ul><li><em>Assesses the Impact on Personal Information -Detected security events are evaluated to determine whether they could or did result in the unauthorized disclosure or use of personal information and whether there has been a failure to comply with applicable laws or regulations. </em></li><li><em>Determines Personal Information Used or Disclosed -When an unauthorized use or disclosure of personal information has occurred, the affected information is identified.</em></li></ul>"
CC7.4, System Operations,"The entity responds to identified security incidents by executing a defined incident response program to understand, contain, remediate, and communicate security incidents, as appropriate. <p></p> <p><strong>The following points of focus, specifically related to all engagements using the trust services criteria, highlight important characteristics relating to this criterion:</strong> </p><ul><li>Assigns Roles and Responsibilities -Roles and responsibilities for the design, implementation, maintenance, and execution of the incident response program are assigned, including the use of external resources when necessary.</li><li>Contains Security Incidents -Procedures are in place to contain security incidents that actively threaten entity objectives. </li><li>Mitigates Ongoing Security Incidents -Procedures are in place to mitigate the effects of ongoing security incidents. </li><li>Ends Threats Posed by Security Incidents -Procedures are in place to end the threats posed by security incidents through closure of the vulnerability, removal of unauthorized access, and other remediation actions. </li><li>Restores Operations -Procedures are in place to restore data and business operations to an interim state that permits the achievement of entity objectives. </li><li>Develops and Implements Communication Protocols for Security Incidents -Protocols for communicating security incidents and actions taken to affected parties are developed and implemented to meet the entity's objectives. </li><li>Obtains Understanding of Nature of Incident and Determines Containment Strategy -An understanding of the nature (for example, the method by which the incident occurred and the affected system resources) and severity of the security incident is obtained to determine the appropriate containment strategy, including (1) a determination of the appropriate response time frame, and (2) the determination and execution of the containment approach. </li><li>Remediates identified Vulnerabilities -identified vulnerabilities are remediated through the development and execution of remediation activities. </li><li>Communicates Remediation Activities -Remediation activities are documented and communicated in accordance with the incident response program.</li><li>Evaluates the Effectiveness of Incident Response -The design of incident response activities is evaluated for effectiveness on a periodic basis. </li><li>Periodically Evaluates Incidents -Periodically, management reviews incidents related to security, availability, processing integrity, confidentiality, and privacy and identifies the need for system changes based on incident patterns and root causes. </li></ul><p><strong>Additional points of focus that apply only in an engagement using the trust services criteria for privacy:</strong> </p><ul><li><em>Communicates Unauthorized Use and Disclosure -Events that resulted in unauthorized use or disclosure of personal information are communicated to the data subjects, legal and regulatory authorities, and others as required.</em></li><li><em>Application of Sanctions -The conduct of individuals and organizations operating under the authority of the entity and involved in the unauthorized use or disclosure of personal information is evaluated and, if appropriate, sanctioned in accordance with entity policies and legal and regulatory requirements.</em></li></ul>"
CC7.5, System Operations,"The entity identifies, develops, and implements activities to recover from identified security incidents. <p></p> <p><strong>The following points of focus, specifically related to all engagements using the trust services criteria, highlight important characteristics relating to this criterion:</strong> </p><ul><li>Restores the Affected Environment -The activities restore the affected environment to functional operation by rebuilding systems, updating software, installing patches, and changing configurations, as needed.</li><li>Communicates Information About the Event -Communications about the nature of the incident, recovery actions taken, and activities required for the prevention of future security events are made to management and others as appropriate (internal and external).</li><li>Determines Root Cause of the Event -The root cause of the event is determined. </li><li>Implements Changes to Prevent and Detect Recurrences - Additional architecture or changes to preventive and detective controls, or both, are implemented to prevent and detect recurrences on a timely basis.</li><li>Improves Response and Recovery Procedures -Lessons learned are analyzed, and the incident response plan and recovery procedures are improved. </li><li>Implements Incident Recovery Plan Testing -Incident recovery plan testing is performed on a periodic basis. The testing includes (1) development of testing scenarios based on threat likelihood and magnitude; (2) consideration of relevant system components from across the entity that can impair availability; (3) scenarios that consider the potential for the lack of availability of key personnel; and (4) revision of continuity plans and systems based on test results.</li></ul>"
CC8.1, Change Management,"The entity authorizes, designs, develops or acquires, con gures, documents, tests, approves, and implements changes to infrastructure, data, software, and procedures to meet its objectives. <p></p> <p><strong>The following points of focus, specifically related to all engagements using the trust services criteria, highlight important characteristics relating to this criterion: </strong></p><ul><li>Manages Changes Throughout the System Lifecycle -A process for managing system changes throughout the lifecycle of the system and its components (infrastructure, data, software and procedures) is used to support system availability and processing integrity.</li><li>Authorizes Changes -A process is in place to authorize system changes prior to development.</li><li>Designs and Develops Changes -A process is in place to design and develop system changes. </li><li>Documents Changes -A process is in place to document system changes to support ongoing maintenance of the system and to support system users in performing their responsibilities. </li><li>Tracks System Changes -A process is in place to track system changes prior to implementation.</li><li>Configures Software -A process is in place to select and implement the configuration parameters used to control the functionality of software.</li><li>Tests System Changes -A process is in place to test system changes prior to implementation.</li><li>Approves System Changes -A process is in place to approve system changes prior to implementation. </li><li>Deploys System Changes -A process is in place to implement system changes. </li><li>Identifies and Evaluates System Changes -Objectives affected by system changes are identified, and the ability of the modified system to meet the objectives is evaluated throughout the system development life cycle. </li><li>Identifies Changes in Infrastructure, Data, Software, and Procedures Required to Remediate Incidents -Changes in infrastructure, data, software, and procedures required to remediate incidents to continue to meet objectives are identified, and the change process is initiated upon identification. </li><li>Creates Baseline Configuration of IT Technology -A baseline configuration of IT and control systems is created and maintained. </li><li>Provides for Changes Necessary in Emergency Situations -A process is in place for authorizing, designing, testing, approving and implementing changes necessary in emergency situations (that is, changes that need to be implemented in an urgent timeframe). </li></ul><p><strong>Additional points of focus that apply only in an engagement using the trust services criteria for confidentiality:</strong> </p><ul><li><em>Protects confidential Information -The entity protects confidential information during system design, development, testing, implementation, and change processes to meet the entity's objectives related to confidentiality. </em></li></ul><p><strong>Additional points of focus that apply only in an engagement using the trust services criteria for privacy: </strong></p><ul><li><em>Protects Personal Information -The entity protects personal information during system design, development, testing, implementation, and change processes to meet the entity's objectives related to privacy.</em></li></ul>"
CC9.1, Risk Mitigation,"The entity identifies, selects, and develops risk mitigation activities for risks arising from potential business disruptions. <p></p> <p><strong>The following points of focus, specifically related to all engagements using the trust services criteria, highlight important characteristics relating to this criterion: </strong></p><ul><li>Considers Mitigation of Risks of Business Disruption -Risk mitigation activities include the development of planned policies, procedures, communications, and alternative processing solutions to respond to, mitigate, and recover from security events that disrupt business operations. Those policies and procedures include monitoring processes and information and communications to meet the entity's objectives during response, mitigation, and recovery efforts.</li><li>Considers the Use of Insurance to Mitigate Financial Impact Risks -The risk management activities consider the use of insurance to offset the financial impact of loss events that would otherwise impair the ability of the entity to meet its objectives.</li></ul>"
CC9.2, Risk Mitigation,"The entity assesses and manages risks associated with vendors and business partners. <p></p> <p><strong>The following points of focus, specifically related to all engagements using the trust services criteria, highlight important characteristics relating to this criterion: </strong></p><ul><li>Establishes Requirements for Vendor and Business Partner Engagements -The entity establishes specific requirements for a vendor and business partner engagement that includes (1) scope of services and product specifications, (2) roles and responsibilities, (3) compliance requirements, and (4) service levels. </li><li>Assesses Vendor and Business Partner Risks -The entity assesses, on a periodic basis, the risks that vendors and business partners (and those entities' vendors and business partners) represent to the achievement of the entity's objectives.</li><li>Assigns Responsibility and Accountability for Managing Vendors and Business Partners -The entity assigns responsibility and accountability for the management of risks associated with vendors and business partners.</li><li>Establishes Communication Protocols for Vendors and Business Partners -The entity establishes communication and resolution protocols for service or product issues related to vendors and business partners.</li><li>Establishes Exception Handling Procedures From Vendors and Business Partners -The entity establishes exception handling procedures for service or product issues related to vendors and business partners.</li><li>Assesses Vendor and Business Partner Performance -The entity periodically assesses the performance of vendors and business partners. </li><li>Implements Procedures for Addressing Issues identified During Vendor and Business Partner Assessments -The entity implements procedures for addressing issues identified with vendor and business partner relationships.</li><li>Implements Procedures for Terminating Vendor and Business Partner Relationships - The entity implements procedures for terminating vendor and business partner relationships. </li></ul><p><strong>Additional points of focus that apply only to an engagement using the trust services criteria for confidentiality: </strong></p><ul><li><em>Obtains confidentiality Commitments from Vendors and Business Partners -The entity obtains confidentiality commitments that are consistent with the entity's confidentiality commitments and requirements from vendors and business partners who have access to confidential information. </em></li><li><em>Assesses Compliance With confidentiality Commitments of Vendors and Business Partners - On a periodic and as-needed basis, the entity assesses compliance by vendors and business partners with the entity's confidentiality commitments and requirements. </em></li></ul><p><strong>Additional points of focus that apply only to an engagement using the trust services criteria for privacy:</strong> </p><ul><li><em>Obtains Privacy Commitments from Vendors and Business Partners -The entity obtains privacy commitments, consistent with the entity's privacy commitments and requirements, from vendors and business partners who have access to personal information. </em></li><li><em>Assesses Compliance with Privacy Commitments of Vendors and Business Partners - On a periodic and as-needed basis, the entity assesses compliance by vendors and business partners with the entity's privacy commitments and requirements and takes corrective action as necessary.</em></li></ul>"
A1.1, Additional Criteria For Availability,"The entity maintains, monitors, and evaluates current processing capacity and use of system components (infrastructure, data, and software) to manage capacity demand and to enable the implementation of additional capacity to help meet its objectives. <p></p> <p><strong>The following points of focus, which apply only to an engagement using the trust services criteria for availability, highlight important characteristics relating to this criterion:</strong> </p><ul><li>Measures Current Usage -The use of the system components is measured to establish a baseline for capacity management and to use when evaluating the risk of impaired availability due to capacity constraints. </li><li>Forecasts Capacity -The expected average and peak use of system components is forecasted and compared to system capacity and associated tolerances. Forecasting considers capacity in the event of the failure of system components that constrain capacity.</li><li>Makes Changes Based on Forecasts -The system change management process is initiated when forecasted usage exceeds capacity tolerances.</li></ul>"
A1.2, Additional Criteria For Availability,"The entity authorizes, designs, develops or acquires, implements, operates, approves, maintains, and monitors environmental protections, software, data back-up processes, and recovery infrastructure to meet its objectives. <p></p> <p><strong>The following points of focus, which apply only to an engagement using the trust services availability criteria, highlight important characteristics relating to this criterion:</strong> </p><ul><li>Identifies Environmental Threats -As part of the risk assessment process, management identifies environmental threats that could impair the availability of the system, including threats resulting from adverse weather, failure of environmental control systems, electrical discharge, fire, and water. </li><li>Designs Detection Measures -Detection measures are implemented to identify anomalies that could result from environmental threat events. </li><li>Implements and Maintains Environmental Protection Mechanisms - Management implements and maintains environmental protection mechanisms to prevent and mitigate against environmental events.</li><li>Implements Alerts to Analyze Anomalies -Management implements alerts that are communicated to personnel for analysis to identify environmental threat events.</li><li>Responds to Environmental Threat Events -Procedures are in place for responding to environmental threat events and for evaluating the effectiveness of those policies and procedures on a periodic basis. This includes automatic mitigation systems (for example, uninterruptible power system and generator back-up subsystem). </li><li>Communicates and Reviews Detected Environmental Threat Events -Detected environmental threat events are communicated to and reviewed by the individuals responsible for the management of the system, and actions are taken, if necessary. </li><li>Determines Data Requiring Backup -Data is evaluated to determine whether backup is required. </li><li>Performs Data Backup -Procedures are in place for backing up data, monitoring to detect back-up failures, and initiating corrective action when such failures occur. </li><li>Addresses Offsite Storage -Back-up data is stored in a location at a distance from its principal storage location sufficient that the likelihood of a security or environmental threat event affecting both sets of data is reduced to an appropriate level. </li><li>Implements Alternate Processing Infrastructure -Measures are implemented for migrating processing to alternate infrastructure in the event normal processing infrastructure becomes unavailable.</li></ul>"
A1.3, Additional Criteria For Availability,"The entity tests recovery plan procedures supporting system recovery to meet its objectives. <p></p> <p><strong>The following points of focus, which apply only to an engagement using the trust services criteria for availability, highlight important characteristics relating to this criterion:</strong> </p><ul><li>Implements Business Continuity Plan Testing -Business continuity plan testing is performed on a periodic basis. The testing includes (1) development of testing scenarios based on threat likelihood and magnitude; (2) consideration of system components from across the entity that can impair the availability; (3) scenarios that consider the potential for the lack of availability of key personnel; and (4) revision of continuity plans and systems based on test results. </li><li>Tests Integrity and Completeness of Back-Up Data -The integrity and completeness of back-up information is tested on a periodic basis.</li></ul>"
C1.1, Additional Criteria For Confidentiality,"The entity identifies and maintains confidential information to meet the entity's objectives related to confidentiality. <p></p> <p><strong>The following points of focus, which apply only to an engagement using the trust services criteria for confidentiality, highlight important characteristics relating to this criterion:</strong> </p><ul><li>Identifies confidential information -Procedures are in place to identify and designate confidential information when it is received or created and to determine the period over which the confidential information is to be retained.</li><li>Protects confidential Information from Destruction -Procedures are in place to protect confidential information from erasure or destruction during the specified retention period of the information.</li></ul>"
C1.2, Additional Criteria For Confidentiality,"The entity disposes of confidential information to meet the entity's objectives related to confidentiality. <p></p> <p><strong>The following points of focus, which apply only to an engagement using the trust services criteria for confidentiality, highlight important characteristics relating to this criterion: </strong></p><ul><li>Identifies confidential Information for Destruction -Procedures are in place to identify confidential information requiring destruction when the end of the retention period is reached. </li><li>Destroys confidential Information -Procedures are in place to erase or otherwise destroy confidential information that has been identified for destruction.</li></ul>"
PI1.1, Additional Criteria For Processing Integrity,"The entity obtains or generates, uses, and communicates relevant, quality information regarding the objectives related to processing, including definitions of data processed and product and service specifications, to support the use of products and services. <p></p> <p><strong>The following points of focus, which apply only to an engagement using the trust services criteria for processing integrity, highlight important characteristics relating to this criterion:</strong> </p><ul><li>Identifies Information Specifications -The entity identifies information specifications required to support the use of products and services. </li><li>Defines Data Necessary to Support a Product or Service -When data is provided as part of a service or product or as part of a reporting obligation related to a product or service: <br> (1) The definition of the data is available to the users of the data <br> (2) The definition of the data includes the following information: <br> - The population of events or instances included in the data <br> - The nature of each element (for example, field) of the data (that is, the event or instance to which the data element relates, for example, transaction price of a sale of XYZ Corporation stock for the last trade in that stock on a given day)<br> - Source(s) of the data<br> - The unit(s) of measurement of data elements (for example, fields)<br> - The accuracy/correctness/precision of measurement<br> - The uncertainty or confidence interval inherent in each data element and in the population of those elements<br> - The date the data was observed or the period of time during which the events relevant to the data occurred<br> - The factors in addition to the date and period of time used to determine the inclusion and exclusion of items in the data elements and population<br> (3) The definition is complete and accurate<br> (4) The description of the data identifies any information that is necessary to understand each data element and the population in a manner consistent with its definition and intended purpose (meta-data) that has not been included within the data.</li></ul>"
PI1.2, Additional Criteria For Processing Integrity,"The entity implements policies and procedures over system inputs, including controls over completeness and accuracy, to result in products, services, and reporting to meet the entity's objectives. <p></p> <p><strong>The following points of focus, which apply only to an engagement using the trust services criteria for processing integrity, highlight important characteristics relating to this criterion:</strong> </p><ul><li>Defines Characteristics of Processing Inputs -The characteristics of processing inputs that are necessary to meet requirements are defined. </li><li>Evaluates Processing Inputs -Processing inputs are evaluated for compliance with defined input requirements. </li><li>Creates and Maintains Records of System Inputs -Records of system input activities are created and maintained completely and accurately in a timely manner.</li></ul>"
PI1.3, Additional Criteria For Processing Integrity,"The entity implements policies and procedures over system processing to result in products, services, and reporting to meet the entity's objectives. <p></p> <p><strong>The following points of focus, which apply only to an engagement using the trust services criteria for processing integrity, highlight important characteristics relating to this criterion:</strong> </p><ul><li>Defines Processing specifications -The processing specifications that are necessary to meet product or service requirements are defined. </li><li>Defines Processing Activities -Processing activities are defined to result in products or services that meet specifications.</li><li>Detects and Corrects Production Errors -Errors in the production process are detected and corrected in a timely manner. </li><li>Records System Processing Activities -System processing activities are recorded completely and accurately in a timely manner. </li><li>Processes Inputs -Inputs are processed completely, accurately, and timely as authorized in accordance with defined processing activities.</li></ul>"
PI1.4, Additional Criteria For Processing Integrity,"The entity implements policies and procedures to make available or deliver output completely, accurately, and timely in accordance with specifications to meet the entity's objectives. <p></p> <p><strong>The following points of focus, which apply only to an engagement using the trust services criteria for processing integrity, highlight important characteristics relating to this criterion:</strong> </p><ul><li>Protects Output -Output is protected when stored or delivered, or both, to prevent theft, destruction, corruption, or deterioration that would prevent output from meeting specifications.</li><li>Distributes Output Only to Intended Parties -Output is distributed or made available only to intended parties. </li><li>Distributes Output Completely and Accurately -Procedures are in place to provide for the completeness, accuracy, and timeliness of distributed output. </li><li>Creates and Maintains Records of System Output Activities -Records of system output activities are created and maintained completely and accurately in a timely manner.</li></ul>"
PI1.5, Additional Criteria For Processing Integrity,"The entity implements policies and procedures to store inputs, items in processing, and outputs completely, accurately, and timely in accordance with system specifications to meet the entity's objectives. <p></p> <p><strong>The following points of focus, which apply only to an engagement using the trust services criteria for processing integrity, highlight important characteristics relating to this criterion:</strong></p><ul><li>Protects Stored Items -Stored items are protected to prevent theft, corruption, destruction, or deterioration that would prevent output from meeting specifications. </li><li>Archives and Protects System Records -System records are archived, and archives are protected against theft, corruption, destruction, or deterioration that would prevent them from being used.</li><li>Stores Data Completely and Accurately -Procedures are in place to provide for the complete, accurate, and timely storage of data.</li><li>Creates and Maintains Records of System Storage Activities -Records of system storage activities are created and maintained completely and accurately in a timely manner.</li></ul>"
P1.1, Additional Criteria For Privacy,"The entity provides notice to data subjects about its privacy practices to meet the entity's objectives related to privacy. The notice is updated and communicated to data subjects in a timely manner for changes to the entity's privacy practices, including changes in the use of personal information, to meet the entity's objectives related to privacy. <p></p> <p><strong>The following points of focus, which apply only to an engagement using the trust services criteria for privacy, highlight important characteristics relating to this criterion:</strong> </p><ul><li>Communicates to Data Subjects -Notice is provided to data subjects regarding the following: - Purpose for collecting personal information - Choice and consent - Types of personal information collected - Methods of collection (for example, use of cookies or other tracking techniques) - Use, retention, and disposal - Access - Disclosure to third parties - Security for privacy - Quality, including data subjects' responsibilities for quality - Monitoring and enforcement If personal information is collected from sources other than the individual, such sources are described in the privacy notice.</li><li>Provides Notice to Data Subjects -Notice is provided to data subjects (1) at or before the time personal information is collected or as soon as practical thereafter, (2) at or before the entity changes its privacy notice or as soon as practical thereafter, or (3) before personal information is used for new purposes not previously identified. </li><li>Covers Entities and Activities in Notice -An objective description of the entities and activities covered is included in the entity's privacy notice. </li><li>Uses Clear and Conspicuous Language -The entity's privacy notice is conspicuous and uses clear language.</li></ul>"
P2.1, Additional Criteria For Privacy,"The entity communicates choices available regarding the collection, use, retention, disclosure, and disposal of personal information to the data subjects and the consequences, if any, of each choice. Explicit consent for the collection, use, retention, disclosure, and disposal of personal information is obtained from data subjects or other authorized persons, if required. Such consent is obtained only for the intended purpose of the information to meet the entity's objectives related to privacy. The entity's basis for determining implicit consent for the collection, use, retention, disclosure, and disposal of personal information is documented. <p></p> <p><strong>The following points of focus, which apply only to an engagement using the trust services criteria for privacy, highlight important characteristics relating to this criterion:</strong></p><ul><li>Communicates to Data Subjects -Data subjects are informed (a) about the choices available to them with respect to the collection, use, and disclosure of personal information and (b) that implicit or explicit consent is required to collect, use, and disclose personal information, unless a law or regulation specifically requires or allows otherwise. </li><li>Communicates Consequences of Denying or Withdrawing Consent -When personal information is collected, data subjects are informed of the consequences of refusing to provide personal information or denying or withdrawing consent to use personal information for purposes identified in the notice. </li><li>Obtains Implicit or Explicit Consent -Implicit or explicit consent is obtained from data subjects at or before the time personal information is collected or soon thereafter. The individual's preferences expressed in his or her consent are confirmed and implemented. </li><li>Documents and Obtains Consent for New Purposes and Uses -If information that was previously collected is to be used for purposes not previously identified in the privacy notice, the new purpose is documented, the data subject is notified, and implicit or explicit consent is obtained prior to such new use or purpose. </li><li>Obtains Explicit Consent for Sensitive Information -Explicit consent is obtained directly from the data subject when sensitive personal information is collected, used, or disclosed, unless a law or regulation specifically requires otherwise. </li><li>Obtains Consent for Data Transfers -Consent is obtained before personal information is transferred to or from an individual's computer or other similar device.</li></ul>"
P3.1, Additional Criteria For Privacy,"Personal information is collected consistent with the entity's objectives related to privacy. <p></p> <p><strong>The following points of focus, which apply only to an engagement using the trust services criteria for privacy, highlight important characteristics relating to this criterion: </strong></p><ul><li>Limits the Collection of Personal Information -The collection of personal information is limited to that necessary to meet the entity's objectives. </li><li>Collects Information by Fair and Lawful Means -Methods of collecting personal information are reviewed by management before they are implemented to con rm that personal information is obtained (a) fairly, without intimidation or deception, and (b) lawfully, adhering to all relevant rules of law, whether derived from statute or common law, relating to the collection of personal information.</li><li>Collects Information From Reliable Sources -Management con rms that third parties from whom personal information is collected (that is, sources other than the individual) are reliable sources that collect information fairly and lawfully. </li><li>Informs Data Subjects When Additional Information Is Acquired -Data subjects are informed if the entity develops or acquires additional information about them for its use.</li></ul>"
P3.2, Additional Criteria For Privacy,"For information requiring explicit consent, the entity communicates the need for such consent, as well as the consequences of a failure to provide consent for the request for personal information, and obtains the consent prior to the collection of the information to meet the entity's objectives related to privacy. <p></p> <p><strong>The following points of focus, which apply only to an engagement using the trust services criteria for privacy, highlight important characteristics relating to this criterion:</strong> </p><ul><li>Obtains Explicit Consent for Sensitive Information -Explicit consent is obtained directly from the data subject when sensitive personal information is collected, used, or disclosed, unless a law or regulation specifically requires otherwise. </li><li>Documents Explicit Consent to Retain Information - â€œ Documentation of explicit consent for the collection, use, or disclosure of sensitive personal information is retained in accordance with objectives related to privacy.</li></ul>"
P4.1, Additional Criteria For Privacy,"The entity limits the use of personal information to the purposes identified in the entity's objectives related to privacy. <p></p> <p><strong>The following point of focus, which applies only to an engagement using the trust services criteria for privacy, highlight important characteristics relating to this criterion:</strong> </p><ul><li>Uses Personal Information for Intended Purposes -Personal information is used only for the intended purposes for which it was collected and only when implicit or explicit consent has been obtained unless a law or regulation specifically requires otherwise.</li></ul>"
P4.2, Additional Criteria For Privacy,"The entity retains personal information consistent with the entity's objectives related to privacy. <p></p> <p><strong>The following points of focus, which apply only to an engagement using the trust services criteria for privacy, highlight important characteristics relating to this criterion: </strong></p><ul><li>Retains Personal Information -Personal information is retained for no longer than necessary to fulfill the stated purposes, unless a law or regulation specifically requires otherwise.</li><li>Protects Personal Information -Policies and procedures have been implemented to protect personal information from erasure or destruction during the specified retention period of the information.</li></ul>"
P4.3, Additional Criteria For Privacy,"The entity securely disposes of personal information to meet the entity's objectives related to privacy. <p></p> <p><strong>The following points of focus, which apply only to an engagement using the trust services criteria for privacy, highlight important characteristics relating to this criterion:</strong></p><ul><li>Captures, identifies, and Flags Requests for Deletion -Requests for deletion of personal information are captured, and information related to the requests is identified and flagged for destruction to meet the entity's objectives related to privacy. </li><li>Disposes of, Destroys, and Redacts Personal Information - Personal information no longer retained is anonymized, disposed of, or destroyed in a manner that prevents loss, theft, misuse, or unauthorized access. </li><li>Destroys Personal Information -Policies and procedures are implemented to erase or otherwise destroy personal information that has been identified for destruction.</li></ul>"
P5.1, Additional Criteria For Privacy,"The entity grants identified and authenticated data subjects the ability to access their stored personal information for review and, upon request, provides physical or electronic copies of that information to data subjects to meet the entity's objectives related to privacy. If access is denied, data subjects are informed of the denial and reason for such denial, as required, to meet the entity's objectives related to privacy. <p></p> <p><strong>The following points of focus, which apply only to an engagement using the trust services criteria for privacy, highlight important characteristics relating to this criterion: </strong></p><ul><li>Authenticates Data Subjects' Identity -The identity of data subjects who request access to their personal information is authenticated before they are given access to that information.</li><li>Permits Data Subjects Access to Their Personal Information -Data subjects are able to determine whether the entity maintains personal information about them and, upon request, may obtain access to their personal information.</li><li>Provides Understandable Personal Information Within Reasonable Time -Personal information is provided to data subjects in an understandable form, in a reasonable time frame, and at a reasonable cost, if any.</li><li>Informs Data Subjects If Access Is Denied -When data subjects are denied access to their personal information, the entity informs them of the denial and the reason for the denial in a timely manner, unless prohibited by law or regulation.</li></ul>"
P5.2, Additional Criteria For Privacy,"The entity corrects, amends, or appends personal information based on information provided by data subjects and communicates such information to third parties, as committed or required, to meet the entity's objectives related to privacy. If a request for correction is denied, data subjects are informed of the denial and reason for such denial to meet the entity's objectives related to privacy. <p></p> <p><strong>The following points of focus, which apply only to an engagement using the trust services criteria for privacy, highlight important characteristics relating to this criterion: </strong></p><ul><li>Communicates Denial of Access Requests -Data subjects are informed, in writing, of the reason a request for access to their personal information was denied, the source of the entity's legal right to deny such access, if applicable, and the individual's right, if any, to challenge such denial, as specifically permitted or required by law or regulation.</li><li>Permits Data Subjects to Update or Correct Personal Information -Data subjects are able to update or correct personal information held by the entity. The entity provides such updated or corrected information to third parties that were previously provided with the data subject's personal information consistent with the entity's objective related to privacy.</li><li>Communicates Denial of Correction Requests -Data subjects are informed, in writing, about the reason a request for correction of personal information was denied and how they may appeal.</li></ul>"
P6.1, Additional Criteria For Privacy,"The entity discloses personal information to third parties with the explicit consent of data subjects, and such consent is obtained prior to disclosure to meet the entity's objectives related to privacy. <p></p> <p><strong>The following points of focus, which apply only to an engagement using the trust services criteria for privacy, highlight important characteristics relating to this criterion:</strong> </p><ul><li>Communicates Privacy Policies to Third Parties -Privacy policies or other specific instructions or requirements for handling personal information are communicated to third parties to whom personal information is disclosed. </li><li>Discloses Personal Information Only When Appropriate - Personal information is disclosed to third parties only for the purposes for which it was collected or created and only when implicit or explicit consent has been obtained from the data subject, unless a law or regulation specifically requires otherwise.</li><li>Discloses Personal Information Only to Appropriate Third Parties -Personal information is disclosed only to third parties who have agreements with the entity to protect personal information in a manner consistent with the relevant aspects of the entity's privacy notice or other specific instructions or requirements. The entity has procedures in place to evaluate that the third parties have effective controls to meet the terms of the agreement, instructions, or requirements.</li><li>Discloses Information to Third Parties for New Purposes and Uses -Personal information is disclosed to third parties for new purposes or uses only with the prior implicit or explicit consent of data subjects.</li></ul>"
P6.2, Additional Criteria For Privacy,"The entity creates and retains a complete, accurate, and timely record of authorized disclosures of personal information to meet the entity's objectives related to privacy. <p></p> The following point of focus, which applies only to an engagement using the trust services criteria for privacy, highlights important characteristics relating to this criterion: - Â¢ Creates and Retains Record of Authorized Disclosures -The entity creates and maintains a record of authorized disclosures of personal information that is complete, accurate, and timely."
P6.3, Additional Criteria For Privacy,"The entity creates and retains a complete, accurate, and timely record of detected or reported unauthorized disclosures (including breaches) of personal information to meet the entity's objectives related to privacy. <p></p> The following point of focus, which applies only to an engagement using the trust services criteria for privacy, highlights important characteristics relating to this criterion: - Â¢ Creates and Retains Record of Detected or Reported Unauthorized Disclosures -The entity creates and maintains a record of detected or reported unauthorized disclosures of personal information that is complete, accurate, and timely."
P6.4, Additional Criteria For Privacy,"The entity obtains privacy commitments from vendors and other third parties who have access to personal information to meet the entity's objectives related to privacy. The entity assesses those parties' compliance on a periodic and as-needed basis and takes corrective action, if necessary. <p></p> The following points of focus, which apply only to an engagement using the trust services criteria for privacy, highlight important characteristics relating to this criterion: - Â¢ Discloses Personal Information Only to Appropriate Third Parties -Personal information is disclosed only to third parties who have agreements with the entity to protect personal information in a manner consistent with the relevant aspects of the entity's privacy notice or other specific instructions or requirements. The entity has procedures in place to evaluate that the third parties have effective controls to meet the terms of the agreement, instructions, or requirements. - Â¢ Remediates Misuse of Personal Information by a Third Party -The entity takes remedial action in response to misuse of personal information by a third party to whom the entity has transferred such information."
P6.5, Additional Criteria For Privacy,"The entity obtains commitments from vendors and other third parties with access to personal information to notify the entity in the event of actual or suspected unauthorized disclosures of personal information. Such Notifications are reported to appropriate personnel and acted on in accordance with established incident response procedures to meet the entity's objectives related to privacy. <p></p> The following points of focus, which apply only to an engagement using the trust services criteria for privacy, highlight important characteristics relating to this criterion: - Â¢ Remediates Misuse of Personal Information by a Third Party -The entity takes remedial action in response to misuse of personal information by a third party to whom the entity has transferred such information. - Â¢ Reports Actual or Suspected Unauthorized Disclosures -A process exists for obtaining commitments from vendors and other third parties to report to the entity actual or suspected unauthorized disclosures of personal information."
P6.6, Additional Criteria For Privacy,"The entity provides Notification of breaches and incidents to affected data subjects, regulators, and others to meet the entity's objectives related to privacy. <p></p> The following points of focus, which apply only to an engagement using the trust services criteria for privacy, highlight important characteristics relating to this criterion: - Â¢ Remediates Misuse of Personal Information by a Third Party -The entity takes remedial action in response to misuse of personal information by a third party to whom the entity has transferred such information. - Â¢ Provides Notice of Breaches and Incidents -The entity has a process for providing notice of breaches and incidents to affected data subjects, regulators, and others to meet the entity's objectives related to privacy."
P6.7, Additional Criteria For Privacy,"The entity provides data subjects with an accounting of the personal information held and disclosure of the data subjects' personal information, upon the data subjects' request, to meet the entity's objectives related to privacy. <p></p> The following points of focus, which apply only to an engagement using the trust services criteria for privacy, highlight important characteristics relating to this criterion: - Â¢ identifies Types of Personal Information and Handling Process -The types of personal information and sensitive personal information and the related processes, systems, and third parties involved in the handling of such information are identified. - Â¢ Captures, identifies, and Communicates Requests for Information -Requests for an accounting of personal information held and disclosures of the data subjects' personal information are captured, and information related to the requests is identified and communicated to data subjects to meet the entity's objectives related to privacy."
P7.1, Additional Criteria For Privacy,"The entity collects and maintains accurate, up-to-date, complete, and relevant personal information to meet the entity's objectives related to privacy. <p></p> The following points of focus, which apply only to an engagement using the trust services criteria for privacy, highlight important characteristics relating to this criterion: - Â¢ Ensures Accuracy and Completeness of Personal Information -Personal information is accurate and complete for the purposes for which it is to be used. - Â¢ Ensures Relevance of Personal Information -Personal information is relevant to the purposes for which it is to be used."
P8.1, Additional Criteria For Privacy,"The entity implements a process for receiving, addressing, resolving, and communicating the resolution of inquiries, complaints, and disputes from data subjects and others and periodically monitors compliance to meet the entity's objectives related to privacy. Corrections and other necessary actions related to identified de ciencies are made or taken in a timely manner. <p></p> The following points of focus, which apply only to an engagement using the trust services criteria for privacy, highlight important characteristics relating to this criterion: - Â¢ Communicates to Data Subjects -Data subjects are informed about how to contact the entity with inquiries, complaints, and disputes. - Â¢ Addresses Inquiries, Complaints, and Disputes -A process is in place to address inquiries, complaints, and disputes. - Â¢ Documents and Communicates Dispute Resolution and Recourse -Each complaint is addressed, and the resolution is documented and communicated to the individual. - Â¢ Documents and Reports Compliance Review Results - Compliance with objectives related to privacy are reviewed and documented, and the results of such reviews are reported to management. If problems are identified, remediation plans are developed and implemented. - Â¢ Documents and Reports Instances of Noncompliance -Instances of noncompliance with objectives related to privacy are documented and reported and, if needed, corrective and disciplinary measures are taken on a timely basis. - Â¢ Performs Ongoing Monitoring -Ongoing procedures are performed for monitoring the effectiveness of controls over personal information and for taking timely corrective actions when necessary."
